<openBVE xmlns:xsi="http://www.w3.org/2001/XMLSchema-instance" xmlns:xsd="http://www.w3.org/2001/XMLSchema">
  <RoutePatches>
	<PatchList>Africa.xml</PatchList>
	<PatchList>America.xml</PatchList>
	<PatchList>Australia.xml</PatchList>
	<PatchList>Brazil.xml</PatchList>
	<PatchList>Germany.xml</PatchList>
	<PatchList>Holland.xml</PatchList>
	<PatchList>HongKong.xml</PatchList>
	<PatchList>Hungary.xml</PatchList>
	<PatchList>Poland.xml</PatchList>
	<PatchList>Italy.xml</PatchList>
	<PatchList>Indonesia.xml</PatchList>
	<PatchList>Japan.xml</PatchList>
	<PatchList>Misc.xml</PatchList>
	<PatchList>Spain.xml</PatchList>
	<PatchList>UnitedKingdom.xml</PatchList>
  </RoutePatches>
</openBVE>