<?xml version="1.0" encoding="utf-8"?>
<openBVE xmlns:xsi="http://www.w3.org/2001/XMLSchema-instance" xmlns:xsd="http://www.w3.org/2001/XMLSchema">Japanese\
	<CompatibilitySignals>
		<SignalSetName>Australian (NSW)</SignalSetName>
		<!-- NOTE: Must contain exactly 9 signals in order 
			SignalSetName must be unique-->
		<Signal>
			<Aspect Number="0">Japanese\signal_2_0.csv</Aspect>
			<Aspect Number="2">Japanese\signal_2a_2.csv</Aspect>
		</Signal>
		<Signal>
			<Aspect Number="0">Japanese\signal_2_0.csv</Aspect>
			<Aspect Number="2">Japanese\signal_2b_4.csv</Aspect>
		</Signal>
		<Signal>
			<Aspect Number="0">Japanese\signal_3_0.csv</Aspect>
			<Aspect Number="2">Japanese\signal_3_2.csv</Aspect>
			<Aspect Number="4">Japanese\signal_3_4.csv</Aspect>
		</Signal>
		<Signal>
			<Aspect Number="0">Australian\signal_4_0.csv</Aspect>
			<Aspect Number="1">Australian\signal_4_2.csv</Aspect>
			<Aspect Number="2">Australian\signal_4_3.csv</Aspect>
			<Aspect Number="4">Australian\signal_4_4.csv</Aspect>
		</Signal>
		<Signal>
			<Aspect Number="0">Australian\signal_4_0.csv</Aspect>
			<Aspect Number="2">Australian\signal_4_2.csv</Aspect>
			<Aspect Number="3">Australian\signal_4_3.csv</Aspect>
			<Aspect Number="4">Australian\signal_4_4.csv</Aspect>
		</Signal>
		<Signal>
			<Aspect Number="0">Australian\signal_4_0.csv</Aspect>
			<Aspect Number="1">Australian\signal_4_2.csv</Aspect>
			<Aspect Number="2">Australian\signal_4_2.csv</Aspect>
			<Aspect Number="3">Australian\signal_4_3.csv</Aspect>
			<Aspect Number="4">Australian\signal_4_4.csv</Aspect>
		</Signal>
		<Signal>
			<Aspect Number="0">Australian\signal_4_0.csv</Aspect>
			<Aspect Number="2">Australian\signal_4_2.csv</Aspect>
			<Aspect Number="3">Australian\signal_4_3.csv</Aspect>
			<Aspect Number="4">Australian\signal_4_4.csv</Aspect>
			<Aspect Number="5">Australian\signal_4_4.csv</Aspect>
		</Signal>
		<Signal>
			<Aspect Number="0">Australian\signal_4_0.csv</Aspect>
			<Aspect Number="1">Australian\signal_4_1.csv</Aspect>
			<Aspect Number="2">Australian\signal_4_2.csv</Aspect>
			<Aspect Number="3">Australian\signal_4_3.csv</Aspect>
			<Aspect Number="4">Australian\signal_4_4.csv</Aspect>
			<Aspect Number="4">Australian\signal_4_4.csv</Aspect>
		</Signal>
		<Signal>
			<Aspect Number="0">BritishRail\repeatingsignal_0.csv</Aspect>
			<Aspect Number="3">BritishRail\repeatingsignal_1.csv</Aspect>
			<Aspect Number="4">BritishRail\repeatingsignal_1.csv</Aspect>
		</Signal>
		<SpeedLimits>
			<Aspect Number="0">0</Aspect>
			<Aspect Number="1">25</Aspect>
			<Aspect Number="2">55</Aspect>
			<Aspect Number="3">75</Aspect>
			<Aspect Number="4">Unlimited</Aspect>
			<Aspect Number="5">Unlimited</Aspect>
		</SpeedLimits>
	</CompatibilitySignals>
</openBVE>