<?xml version="1.0" encoding="utf-8"?>
<openBVE xmlns:xsi="http://www.w3.org/2001/XMLSchema-instance" xmlns:xsd="http://www.w3.org/2001/XMLSchema">Japanese\
	<CompatibilitySignals>
		<SignalSetName>DVB Tram</SignalSetName>
		<Signal>
			<Aspect Number="0">DVB\signal_0.csv</Aspect>
			<Aspect Number="2">DVB\signal_1.csv</Aspect>
		</Signal>
		<Signal>
			<Aspect Number="0">DVB\signal_0.csv</Aspect>
			<Aspect Number="2">DVB\signal_2.csv</Aspect>
		</Signal>
		<Signal>
			<Aspect Number="0">DVB\signal_0.csv</Aspect>
			<Aspect Number="2">DVB\signal_3.csv</Aspect>
			<Aspect Number="4">DVB\signal_4.csv</Aspect>
		</Signal>
		<Signal>
			<Aspect Number="0">DVB\signal_5.csv</Aspect>
			<Aspect Number="1">DVB\signal_6.csv</Aspect>
			<Aspect Number="2">DVB\signal_7.csv</Aspect>
			<Aspect Number="4">DVB\signal_8.csv</Aspect>
		</Signal>
		<Signal>
			<Aspect Number="0">DVB\signal_6.csv</Aspect>
			<Aspect Number="1">DVB\signal_9.csv</Aspect>
			<Aspect Number="2">DVB\signal_8.csv</Aspect>
			<Aspect Number="4">DVB\signal_5.csv</Aspect>
		</Signal>
		<Signal>
			<Aspect Number="0">DVB\signal_6.csv</Aspect>
			<Aspect Number="1">DVB\signal_6.csv</Aspect>
			<Aspect Number="2">DVB\signal_8.csv</Aspect>
			<Aspect Number="3">DVB\signal_9.csv</Aspect>
			<Aspect Number="4">DVB\signal_8.csv</Aspect>
		</Signal>
		<Signal>
			<Aspect Number="0">DVB\signal_7.csv</Aspect>
			<Aspect Number="2">DVB\signal_8.csv</Aspect>
			<Aspect Number="3">DVB\signal_7.csv</Aspect>
			<Aspect Number="4">DVB\signal_9.csv</Aspect>
			<Aspect Number="5">DVB\signal_8.csv</Aspect>
		</Signal>
		<Signal>
			<Aspect Number="0">DVB\signal_5.csv</Aspect>
			<Aspect Number="1">DVB\signal_6.csv</Aspect>
			<Aspect Number="2">DVB\signal_6.csv</Aspect>
			<Aspect Number="2">DVB\signal_9.csv</Aspect>
			<Aspect Number="4">DVB\signal_8.csv</Aspect>
			<Aspect Number="5">DVB\signal_8.csv</Aspect>
		</Signal>
		<Signal>
			<Aspect Number="0">DVB\repeatingsignal_0.csv</Aspect>
			<Aspect Number="3">DVB\repeatingsignal_1.csv</Aspect>
			<Aspect Number="4">DVB\repeatingsignal_2.csv</Aspect>
		</Signal>
		<SignalPost>Japanese\signal_post.csv</SignalPost>
		<SpeedLimits>
			<Aspect Number="0">0</Aspect>
			<Aspect Number="1">30</Aspect>
			<Aspect Number="2">30</Aspect>
			<Aspect Number="3">Unlimited</Aspect>
			<Aspect Number="4">Unlimited</Aspect>
			<Aspect Number="5">Unlimited</Aspect>
		</SpeedLimits>
	</CompatibilitySignals>
</openBVE>