<?xml version="1.0" encoding="utf-8"?>
<openBVE xmlns:xsi="http://www.w3.org/2001/XMLSchema-instance" xmlns:xsd="http://www.w3.org/2001/XMLSchema">Japanese\
	<CompatibilitySignals>
		<SignalSetName>HL (East German)</SignalSetName>
		<Signal>
			<Aspect Number="0">HL\signal_0.csv</Aspect>
			<Aspect Number="2">HL\signal_2.csv</Aspect>
		</Signal>
		<Signal>
			<Aspect Number="0">HL\signal_0.csv</Aspect>
			<Aspect Number="2">HL\signal_3.csv</Aspect>
		</Signal>
		<Signal>
			<Aspect Number="0">HL\signal_0.csv</Aspect>
			<Aspect Number="2">HL\signal_2.csv</Aspect>
			<Aspect Number="4">HL\signal_3.csv</Aspect>
		</Signal>
		<Signal>
			<Aspect Number="0">HL\signal_0.csv</Aspect>
			<Aspect Number="1">HL\signal_2.csv</Aspect>
			<Aspect Number="2">HL\signal_4.csv</Aspect>
			<Aspect Number="4">HL\signal_3.csv</Aspect>
		</Signal>
		<Signal>
			<Aspect Number="0">HL\signal_0.csv</Aspect>
			<Aspect Number="1">HL\signal_1.csv</Aspect>
			<Aspect Number="2">HL\signal_2.csv</Aspect>
			<Aspect Number="4">HL\signal_3.csv</Aspect>
		</Signal>
		<Signal>
			<Aspect Number="0">HL\signal_0.csv</Aspect>
			<Aspect Number="1">HL\signal_1.csv</Aspect>
			<Aspect Number="2">HL\signal_1.csv</Aspect>
			<Aspect Number="2">HL\signal_2.csv</Aspect>
			<Aspect Number="4">HL\signal_3.csv</Aspect>
		</Signal>
		<Signal>
			<Aspect Number="0">HL\signal_0.csv</Aspect>
			<Aspect Number="2">HL\signal_1.csv</Aspect>
			<Aspect Number="3">HL\signal_1.csv</Aspect>
			<Aspect Number="4">HL\signal_2.csv</Aspect>
			<Aspect Number="5">HL\signal_3.csv</Aspect>
		</Signal>
		<Signal>
			<Aspect Number="0">HL\signal_0.csv</Aspect>
			<Aspect Number="1">HL\signal_1.csv</Aspect>
			<Aspect Number="2">HL\signal_1.csv</Aspect>
			<Aspect Number="2">HL\signal_2.csv</Aspect>
			<Aspect Number="4">HL\signal_2.csv</Aspect>
			<Aspect Number="5">HL\signal_3.csv</Aspect>
		</Signal>
		<Signal>
			<Aspect Number="0">null</Aspect>
			<Aspect Number="3">null</Aspect>
			<Aspect Number="4">null</Aspect>
		</Signal>
		<SignalPost>DB\signal_post.b3d</SignalPost>
		<SpeedLimits>
			<Aspect Number="0">0</Aspect>
			<Aspect Number="1">Unlimited</Aspect>
			<Aspect Number="2">Unlimited</Aspect>
			<Aspect Number="3">Unlimited</Aspect>
			<Aspect Number="4">Unlimited</Aspect>
			<Aspect Number="5">Unlimited</Aspect>
		</SpeedLimits>
	</CompatibilitySignals>
</openBVE>