CreateMeshBuilder
AddVertex,-1.9,-0.45,0
AddVertex,-1.9,-0.455,26
AddVertex,-2.5,-0.305,26
AddVertex,-2.5,-0.3,0
AddVertex,-3,-0.5,0
AddVertex,-3,-0.505,26
AddVertex,-6,-3.505,26
AddVertex,-6,-3.5,0
AddFace,3,2,1,0
AddFace,2,3,4,5
AddFace,7,6,5,4

LoadTexture,Grass2.png
SetTextureCoordinates,0,0,0
SetTextureCoordinates,1,1,0
SetTextureCoordinates,2,1,0.1
SetTextureCoordinates,3,0,0.1
SetTextureCoordinates,4,0,0.2
SetTextureCoordinates,5,1,0.2
SetTextureCoordinates,6,1,1
SetTextureCoordinates,7,0,1
