CreateMeshBuilder
AddVertex,-7.205, 1.1, 25.2, 1,0,0
AddVertex,-7.2, 1.1, 0, 1,0,0
AddVertex,-7.2, 4.7, 0, 1,0,0
AddVertex,-7.205, 4.7, 25.2, 1,0,0
AddVertex,-7.405, 4.7, 25.2, -1,0,0
AddVertex,-7.4, 4.7, 0, -1,0,0
AddVertex,-7.4, 1.1, 0, -1,0,0
AddVertex,-7.405, 1.1, 25.2, -1,0,0
AddVertex,-7.405, -0.3, 25.2, -1,0,0
AddVertex,-7.4, -0.3, 0, -1,0,0
AddFace,9,8,7,6
SetColor,150,150,150
AddFace,0,1,2,3
AddFace,5,4,3,2
AddFace,4,5,6,7
AddFace,6,5,2,1
AddFace,0,3,4,7

LoadTexture,WhiteWall.png
SetTextureCoordinates,0, 0, 0
SetTextureCoordinates,1, 3, 0
SetTextureCoordinates,2, 3, 1
SetTextureCoordinates,3, 0, 1
SetTextureCoordinates,4, 0, 0.95
SetTextureCoordinates,5, 3, 0.95
SetTextureCoordinates,6, 3, 0
SetTextureCoordinates,7, 0, 0
SetTextureCoordinates,8, 0, 1
SetTextureCoordinates,9, 3, 1


