<?xml version="1.0" encoding="utf-8"?>
<openBVE xmlns:xsi="http://www.w3.org/2001/XMLSchema-instance" xmlns:xsd="http://www.w3.org/2001/XMLSchema">
  <Compatibility>
  <!-- Uchibo V1 Route Objects -->
	<Object>
		<Name>Ballast.b3d</Name>
		<Path>Uchibo\Ballast.csv</Path>
		<Message></Message>
	</Object>
	<Object>
		<Name>BallastDark.b3d</Name>
		<Path>UchiboV1\BallastDark.csv</Path>
		<Message></Message>
	</Object>
	<Object>
		<Name>BallastL.b3d</Name>
		<Path>Uchibo\BallastL.csv</Path>
		<Message></Message>
	</Object>
	<Object>
		<Name>BallastR.b3d</Name>
		<Path>Uchibo\BallastR.csv</Path>
		<Message></Message>
	</Object>
	<Object>
		<Name>BallastS.b3d</Name>
		<Path>Uchibo\BallastS.csv</Path>
		<Message></Message>
	</Object>
	<Object>
		<Name>BallastSL.b3d</Name>
		<Path>Uchibo\BallastSL.csv</Path>
		<Message></Message>
	</Object>
	<Object>
		<Name>BallastSR.b3d</Name>
		<Path>Uchibo\BallastSR.csv</Path>
		<Message></Message>
	</Object>
	<Object>
		<Name>BeamL.b3d</Name>
		<Path>UchiboV1\BeamL.csv</Path>
		<Message></Message>
	</Object>
	<Object>
		<Name>BeamR.b3d</Name>
		<Path>UchiboV1\BeamR.csv</Path>
		<Message></Message>
	</Object>
	<Object>
		<Name>CraBalL.b3d</Name>
		<Path>Uchibo\CraBalL.csv</Path>
		<Message></Message>
	</Object>
	<Object>
		<Name>CraBalR.b3d</Name>
		<Path>Uchibo\CraBalR.csv</Path>
		<Message></Message>
	</Object>
	<Object>
		<Name>CraGrsL.b3d</Name>
		<Path>Uchibo\CraGrsL.csv</Path>
		<Message></Message>
	</Object>
	<Object>
		<Name>CraGrsR.b3d</Name>
		<Path>Uchibo\CraGrsR.csv</Path>
		<Message></Message>
	</Object>
	<Object>
		<Name>CraSlbL.b3d</Name>
		<Path>Uchibo\CraSlbL.csv</Path>
		<Message></Message>
	</Object>
	<Object>
		<Name>CraSlbR.b3d</Name>
		<Path>Uchibo\CraSlbR.csv</Path>
		<Message></Message>
	</Object>
	<Object>
		<Name>CraTunL.b3d</Name>
		<Path>UchiboV1\CraTunL.csv</Path>
		<Message></Message>
	</Object>
	<Object>
		<Name>CraTunR.b3d</Name>
		<Path>Uchibo\CraTunR.csv</Path>
		<Message></Message>
	</Object>
	<Object>
		<Name>DikeL.b3d</Name>
		<Path>Uchibo\DikeL.csv</Path>
		<Message></Message>
	</Object>
	<Object>
		<Name>DikeR.b3d</Name>
		<Path>Uchibo\DikeR.csv</Path>
		<Message></Message>
	</Object>
	<Object>
		<Name>Ditch.b3d</Name>
		<Path>Uchibo\Ditch.csv</Path>
		<Message></Message>
	</Object>
	<Object>
		<Name>EntWall.b3d</Name>
		<Path>UchiboV1\EntWall.csv</Path>
		<Message></Message>
	</Object>
	<Object>
		<Name>FormCL.b3d</Name>
		<Path>Uchibo\FormCL.csv</Path>
		<Message></Message>
	</Object>
	<Object>
		<Name>FormCR.b3d</Name>
		<Path>Uchibo\FormCR.csv</Path>
		<Message></Message>
	</Object>
	<Object>
		<Name>FormL.b3d</Name>
		<Path>Uchibo\FormL2.csv</Path>
		<Message></Message>
	</Object>
	<Object>
		<Name>FormR.b3d</Name>
		<Path>Uchibo\FormR.csv</Path>
		<Message></Message>
	</Object>
	<Object>
		<Name>FormWallHL.b3d</Name>
		<Path>Uchibo\FormWallHL.csv</Path>
		<Message></Message>
	</Object>
	<Object>
		<Name>FormWallHR.b3d</Name>
		<Path>Uchibo\FormWallHR.csv</Path>
		<Message></Message>
	</Object>
	<Object>
		<Name>FormWallL.b3d</Name>
		<Path>Uchibo\FormWallL.csv</Path>
		<Message></Message>
	</Object>
	<Object>
		<Name>FormWallR.b3d</Name>
		<Path>Uchibo\FormWallR.csv</Path>
		<Message></Message>
	</Object>
	<Object>
		<Name>Grass.b3d</Name>
		<Path>Uchibo\Grass.csv</Path>
		<Message></Message>
	</Object>
	<Object>
		<Name>GrsRise.b3d</Name>
		<Path>Uchibo\GrassRise.csv</Path>
		<Message></Message>
	</Object>
	<Object>
		<Name>Levee.b3d</Name>
		<Path>Uchibo\Levee.csv</Path>
		<Message></Message>
	</Object>
	<Object>
		<Name>Mt.b3d</Name>
		<Path>UchiboV1\Mt.csv</Path>
		<Message></Message>
	</Object>
	<Object>
		<Name>Pier.b3d</Name>
		<Path>UchiboV1\Pier.csv</Path>
		<Message></Message>
	</Object>
	<Object>
		<Name>River.b3d</Name>
		<Path>Uchibo\River.csv</Path>
		<Message></Message>
	</Object>
	<Object>
		<Name>RoofCL.b3d</Name>
		<Path>Uchibo\RoofCL.csv</Path>
		<Message></Message>
	</Object>
	<Object>
		<Name>RoofCR.b3d</Name>
		<Path>Uchibo\RoofCR.csv</Path>
		<Message></Message>
	</Object>
	<Object>
		<Name>RoofL.b3d</Name>
		<Path>Uchibo\RoofL.csv</Path>
		<Message></Message>
	</Object>
	<Object>
		<Name>RoofR.b3d</Name>
		<Path>Uchibo\RoofR.csv</Path>
		<Message></Message>
	</Object>
	<Object>
		<Name>Signal3.b3d</Name>
		<Path>Signals\Signal_3_0.csv</Path>
		<Message></Message>
	</Object>
	<Object>
		<Name>SigPole.b3d</Name>
		<Path>UchiboV1\SigPole.csv</Path>
		<Message></Message>
	</Object>
	<Object>
		<Name>Slab.b3d</Name>
		<Path>UchiboV1\Slab.csv</Path>
		<Message></Message>
	</Object>
	<Object>
		<Name>SlabDark.b3d</Name>
		<Path>UchiboV1\SlabDark.csv</Path>
		<Message></Message>
	</Object>
	<Object>
		<Name>SlabS.b3d</Name>
		<Path>UchiboV1\SlabS.csv</Path>
		<Message></Message>
	</Object>
	<Object>
		<Name>TunDark.b3d</Name>
		<Path>UchiboV1\TunDark.csv</Path>
		<Message></Message>
	</Object>
	<Object>
		<Name>TunDL.b3d;TunDL.csv</Name>
		<Path>UchiboV1\TunDL.csv</Path>
		<Message></Message>
	</Object>
	<Object>
		<Name>TunDR.b3d;TunDR.csv</Name>
		<Path>UchiboV1\TunDR.csv</Path>
		<Message></Message>
	</Object>
	<Object>
		<Name>TunEntD.b3d;TunEntD.csv</Name>
		<Path>UchiboV1\TunEntD.csv</Path>
		<Message></Message>
	</Object>
	<Object>
		<Name>TunEntS.b3d</Name>
		<Path>UchiboV1\TunEntS.csv</Path>
		<Message></Message>
	</Object>
	<Object>
		<Name>TunSL.b3d</Name>
		<Path>UchiboV1\TunSL.csv</Path>
		<Message></Message>
	</Object>
	<Object>
		<Name>TunSR.b3d</Name>
		<Path>UchiboV1\TunSR.csv</Path>
		<Message></Message>
	</Object>
		<Object>
		<Name>WallL.b3d</Name>
		<Path>Uchibo\WallL.csv</Path>
		<Message></Message>
	</Object>
	<Object>
		<Name>WallR.b3d</Name>
		<Path>Uchibo\WallR.csv</Path>
		<Message></Message>
	</Object>
	<Object>
		<Name>WallGL.b3d;WallGL.csv</Name>
		<Path>UchiboV1\WallGL.csv</Path>
		<Message></Message>
	</Object>
	<Object>
		<Name>WallGR.b3d;WallGR.csv</Name>
		<Path>UchiboV1\WallGR.csv</Path>
		<Message></Message>
	</Object>
  </Compatibility>
</openBVE>