<?xml version="1.0" encoding="utf-8"?>
<openBVE xmlns:xsi="http://www.w3.org/2001/XMLSchema-instance" xmlns:xsd="http://www.w3.org/2001/XMLSchema">
  <Compatibility>
  <!-- Uchibo Route Objects -->
	<Object>
		<Name>Ballast.csv</Name>
		<Path>Uchibo\Ballast.csv</Path>
		<Message></Message>
	</Object>
	<Object>
		<Name>BallastL.csv</Name>
		<Path>Uchibo\BallastL.csv</Path>
		<Message></Message>
	</Object>
	<Object>
		<Name>BallastR.csv</Name>
		<Path>Uchibo\BallastR.csv</Path>
		<Message></Message>
	</Object>
	<Object>
		<Name>BallastS.csv</Name>
		<Path>Uchibo\BallastS.csv</Path>
		<Message></Message>
	</Object>
	<Object>
		<Name>BallastSL.csv</Name>
		<Path>Uchibo\BallastSL.csv</Path>
		<Message></Message>
	</Object>
	<Object>
		<Name>BallastSR.csv</Name>
		<Path>Uchibo\BallastSR.csv</Path>
		<Message></Message>
	</Object>
	<Object>
		<Name>Beam.csv</Name>
		<Path>Uchibo\Beam.csv</Path>
		<Message></Message>
	</Object>
	<Object>
		<Name>BridgeL.csv</Name>
		<Path>Uchibo\BridgeL.csv</Path>
		<Message></Message>
	</Object>
	<Object>
		<Name>BridgeR.csv</Name>
		<Path>Uchibo\BridgeR.csv</Path>
		<Message></Message>
	</Object>
	<Object>
		<Name>Cr_CrossingDL.csv</Name>
		<Path>Uchibo\Cr_CrossingDL.csv</Path>
		<Message></Message>
	</Object>
	<Object>
		<Name>Cr_Crossing_DR.csv</Name>
		<Path>Uchibo\Cr_CrossingDR.csv</Path>
		<Message></Message>
	</Object>
	<Object>
		<Name>Cr_Crossing_SL.csv</Name>
		<Path>Uchibo\Cr_Crossing_SL.csv</Path>
		<Message></Message>
	</Object>
	<Object>
		<Name>Cr_Crossing_SR.csv</Name>
		<Path>Uchibo\Cr_Crossing_SR.csv</Path>
		<Message></Message>
	</Object>
	<Object>
		<Name>CraBalL.csv</Name>
		<Path>Uchibo\CraBalL.csv</Path>
		<Message></Message>
	</Object>
	<Object>
		<Name>CraBalR.csv</Name>
		<Path>Uchibo\CraBalR.csv</Path>
		<Message></Message>
	</Object>
	<Object>
		<Name>CraGrsL.csv</Name>
		<Path>Uchibo\CraGrsL.csv</Path>
		<Message></Message>
	</Object>
	<Object>
		<Name>CraGrsR.csv</Name>
		<Path>Uchibo\CraGrsR.csv</Path>
		<Message></Message>
	</Object>
	<Object>
		<Name>CraSlbL.csv</Name>
		<Path>Uchibo\CraSlbL.csv</Path>
		<Message></Message>
	</Object>
	<Object>
		<Name>CraSlbR.csv</Name>
		<Path>Uchibo\CraSlbR.csv</Path>
		<Message></Message>
	</Object>
	<Object>
		<Name>CrossingD.csv</Name>
		<Path>Uchibo\CrossingD.csv</Path>
		<Message></Message>
	</Object>
	<Object>
		<Name>CrossingS.csv</Name>
		<Path>Uchibo\CrossingS.csv</Path>
		<Message></Message>
	</Object>
	<Object>
		<Name>DikeL.csv</Name>
		<Path>Uchibo\DikeL.csv</Path>
		<Message></Message>
	</Object>
	<Object>
		<Name>DikeR.csv</Name>
		<Path>Uchibo\DikeR.csv</Path>
		<Message></Message>
	</Object>
	<Object>
		<Name>Ditch.csv</Name>
		<Path>Uchibo\Ditch.csv</Path>
		<Message></Message>
	</Object>
	<Object>
		<Name>FormCL.csv</Name>
		<Path>Uchibo\FormCL.csv</Path>
		<Message></Message>
	</Object>
	<Object>
		<Name>FormCLS.csv</Name>
		<Path>Uchibo\FormCLS.csv</Path>
		<Message></Message>
	</Object>
	<Object>
		<Name>FormCR.csv</Name>
		<Path>Uchibo\FormCR.csv</Path>
		<Message></Message>
	</Object>
	<Object>
		<Name>FormCRS.csv</Name>
		<Path>Uchibo\FormCRS.csv</Path>
		<Message></Message>
	</Object>
	<Object>
		<Name>FormL.csv</Name>
		<Path>Uchibo\FormL2.csv</Path>
		<Message></Message>
	</Object>
	<Object>
		<Name>FormR.csv</Name>
		<Path>Uchibo\FormR.csv</Path>
		<Message></Message>
	</Object>
	<Object>
		<Name>FormR2.csv</Name>
		<Path>Uchibo\FormR2.csv</Path>
		<Message></Message>
	</Object>
	<Object>
		<Name>FormRS.csv</Name>
		<Path>Uchibo\FormRS.csv</Path>
		<Message></Message>
	</Object>
	<Object>
		<Name>FormRS2.csv</Name>
		<Path>Uchibo\FormRS2.csv</Path>
		<Message></Message>
	</Object>
	<Object>
		<Name>FormWallHL.csv</Name>
		<Path>Uchibo\FormWallHL.csv</Path>
		<Message></Message>
	</Object>
	<Object>
		<Name>FormWallHR.csv</Name>
		<Path>Uchibo\FormWallHR.csv</Path>
		<Message></Message>
	</Object>
	<Object>
		<Name>FormWallL.csv</Name>
		<Path>Uchibo\FormWallL.csv</Path>
		<Message></Message>
	</Object>
	<Object>
		<Name>FormWallR.csv</Name>
		<Path>Uchibo\FormWallR.csv</Path>
		<Message></Message>
	</Object>
	<Object>
		<Name>Grass.csv</Name>
		<Path>Uchibo\Grass.csv</Path>
		<Message></Message>
	</Object>
	<Object>
		<Name>GrassRise.csv</Name>
		<Path>Uchibo\GrassRise.csv</Path>
		<Message></Message>
	</Object>
	<Object>
		<Name>Levee.csv</Name>
		<Path>Uchibo\Levee.csv</Path>
		<Message></Message>
	</Object>
	<Object>
		<Name>PierDblL.csv</Name>
		<Path>Uchibo\PierDblL.csv</Path>
		<Message></Message>
	</Object>
	<Object>
		<Name>PierDblR.csv</Name>
		<Path>Uchibo\PierDblR.csv</Path>
		<Message></Message>
	</Object>
	<Object>
		<Name>PierH.csv</Name>
		<Path>Uchibo\PierH.csv</Path>
		<Message></Message>
	</Object>
	<Object>
		<Name>River.csv</Name>
		<Path>Uchibo\River.csv</Path>
		<Message></Message>
	</Object>
	<Object>
		<Name>RoofCL.csv</Name>
		<Path>Uchibo\RoofCL.csv</Path>
		<Message></Message>
	</Object>
	<Object>
		<Name>RoofCR.csv</Name>
		<Path>Uchibo\RoofCR.csv</Path>
		<Message></Message>
	</Object>
	<Object>
		<Name>RoofL.csv</Name>
		<Path>Uchibo\RoofL.csv</Path>
		<Message></Message>
	</Object>
	<Object>
		<Name>RoofR.csv</Name>
		<Path>Uchibo\RoofR.csv</Path>
		<Message></Message>
	</Object>
	<Object>
		<Name>TollBarDL.csv</Name>
		<Path>Uchibo\TollBarDL.csv</Path>
		<Message></Message>
	</Object>
	<Object>
		<Name>TollBarDR.csv</Name>
		<Path>Uchibo\TollBarDR.csv</Path>
		<Message></Message>
	</Object>
	<Object>
		<Name>TollBarSL.csv</Name>
		<Path>Uchibo\TollBarSL.csv</Path>
		<Message></Message>
	</Object>
	<Object>
		<Name>TollBarSR.csv</Name>
		<Path>Uchibo\TollBarSR.csv</Path>
		<Message></Message>
	</Object>
	<Object>
		<Name>WallL.csv</Name>
		<Path>Uchibo\WallL.csv</Path>
		<Message></Message>
	</Object>
	<Object>
		<Name>WallR.csv</Name>
		<Path>Uchibo\WallR.csv</Path>
		<Message></Message>
	</Object>
	<Object>
		<Name>Uchibo\Re15.csv</Name>
		<Path>Uchibo\Re15.csv</Path>
		<Message></Message>
	</Object>
	<!-- Poles -->
	<Object>
		<Name>Pole1.csv</Name>
		<Path>Poles\Pole_1.csv</Path>
		<Message></Message>
	</Object>
	<Object>
		<Name>Pole2.csv</Name>
		<Path>Poles\Pole_2.csv</Path>
		<Message></Message>
	</Object>
	<Object>
		<Name>Pole3.csv</Name>
		<Path>Poles\Pole_3.csv</Path>
		<Message></Message>
	</Object>
	<Object>
		<Name>Pole4.csv</Name>
		<Path>Poles\Pole_4.csv</Path>
		<Message></Message>
	</Object>
	<Object>
		<Name>Signal3.csv</Name>
		<Path>Signals\Signal_3_0.csv</Path>
		<Message></Message>
	</Object>
	<Sound>
		<Name>crossing.wav</Name>
		<Path>Sound\crossing.wav</Path>
		<Message></Message>
	</Sound>
	<Sound>
		<Name>uchibo\crossing.wav</Name>
		<Path>Sound\crossing.wav</Path>
		<Message></Message>
	</Sound>
  </Compatibility>
</openBVE>