﻿CreateMeshBuilder
AddVertex,-0.3,-0.85,-0.4
AddVertex,-0.3,0.0,-0.4
AddVertex,0.3,0.0,-0.4
AddVertex,0.3,-0.85,-0.4
AddFace,0,1,2,3
SetTextureCoordinates,0,0.0,1.0
SetTextureCoordinates,1,0.0,0.0
SetTextureCoordinates,2,1.0,0.0
SetTextureCoordinates,3,1.0,1.0
LoadTexture,Signal0.png
SetDecalTransparentColor,0,0,255



CreateMeshBuilder
AddVertex,-0.2,-0.760,-0.601
AddVertex,-0.2,-0.360,-0.601
AddVertex,0.2,-0.360,-0.601
AddVertex,0.2,-0.760,-0.601
AddFace,0,1,2,3
Translate,0.1,0.25
SetTextureCoordinates,0,0.0,1.0
SetTextureCoordinates,1,0.0,0.0
SetTextureCoordinates,2,1.0,0.0
SetTextureCoordinates,3,1.0,1.0
LoadTexture,..\graphics\glow_red.png
SetEmissiveColor,255,255,255
SetBlendMode,Additive,75,DivideExponent2